<?xml version="1.0" encoding="UTF-8"?>
<project-private xmlns="http://www.netbeans.org/ns/project-private/1">
    <editor-bookmarks xmlns="http://www.netbeans.org/ns/editor-bookmarks/2" lastBookmarkId="0"/>
    <open-files xmlns="http://www.netbeans.org/ns/projectui-open-files/2">
        <group>
            <file>file:/C:/Users/ricar/Documents/XC16_Compiler/30F/Digitizer12bitsV0.X/30F_TIMER.c</file>
            <file>file:/C:/Users/ricar/Documents/XC16_Compiler/30F/Digitizer12bitsV0.X/30F_ADC.c</file>
            <file>file:/C:/Users/ricar/Documents/XC16_Compiler/30F/Digitizer12bitsV0.X/main.h</file>
            <file>file:/C:/Users/ricar/Documents/XC16_Compiler/30F/Digitizer12bitsV0.X/30F_UART.c</file>
            <file>file:/C:/Users/ricar/Documents/XC16_Compiler/30F/Digitizer12bitsV0.X/GPS_CMD.c</file>
            <file>file:/C:/Users/ricar/Documents/XC16_Compiler/30F/Digitizer12bitsV0.X/Digitizer12bitsV0.c</file>
            <file>file:/C:/Users/ricar/Documents/XC16_Compiler/30F/Digitizer12bitsV0.X/30F_DS1307.c</file>
        </group>
    </open-files>
</project-private>
